Page1,ColumnA,ColumnB,ColumnC,ColumnD
Row1,1,NA,3.14,apple
Row2,NA,5,6.28,banana
Row3,9,10,NA,cherry
Row4,13,14,15,NA
Row5,NA,NA,NA,NA
Row6,17,18,19,20
Page2,ColumnE,ColumnF,ColumnG,ColumnH
Row1,21,22,NA,grape
Row2,NA,26,27,kiwi
Row3,30,NA,32,lemon
Row4,34,35,NA,mango
Row5,NA,NA,39,NA
Row6,41,42,43,44
Page3,ColumnI,ColumnJ,ColumnK,ColumnL
Row1,45,NA,47,orange
Row2,49,50,NA,pear
Row3,NA,54,55,raspberry
Row4,57,NA,59,strawberry
Row5,61,62,NA,NA
Row6,NA,NA,NA,NA
Page4,ColumnM,ColumnN,ColumnO,ColumnP
Row1,65,66,67,NA
Row2,NA,70,71,72
Row3,73,NA,75,76
Row4,77,78,NA,80
Row5,NA,82,83,84
Row6,85,NA,NA,NA